"A: Ingredient Name","B: Common Synonyms","C: E-Number","D: Category","E: Primary Function","F: Secondary Function","G: Mechanism of Action","H: Application Categories","I: Usage Level Min %","J: Usage Level Max %","K: pH Range Min","L: pH Range Max","M: Heat Stable","N: Freeze-Thaw Stable","O: Clean Label Status","P: Clean Label Alternatives","Q: Substitution Ratio","R: Sensory Impact of Substitution","S: Processing Considerations","T: Regulatory Status Ghana FDA","U: Regulatory Status EU","V: Regulatory Status FDA USA","W: Functional Description"
"Tartrazine","Yellow No. 5","E102","COL","Yellow coloration","None","Excites azo chromophore","BV, CF",0.001,0.015,2.0,12.0,"Y","Y","N-CL","Curcumin, Beta-Carotene","1:8","Earthy, warm notes","Avoid reduction by sulfur dioxide","APP","RES","APP","Highly stable greenish-yellow azo dye"
"Sunset Yellow","Yellow No. 6","E110","COL","Orange coloration","None","Excites sulfonated azo group","BV, SN",0.001,0.015,2.5,11.0,"Y","Y","N-CL","Paprika Extract, Annatto","1:6","Peppery aroma, oily feel","High light stability, oil dispersion","APP","RES","APP","Reddish-yellow synthetic monoazo dye"
"Carmoisine","Azorubine","E122","COL","Red coloration","None","Excites disulfonated azo group","BV, DS",0.001,0.010,3.0,10.0,"Y","Y","N-CL","Beetroot Red, Anthocyanins","1:12","Earthy betalain notes","Decolorizes under active fermentation","APP","RES","BAN","Naphthalene-derived deep red azo dye"
"Ponceau 4R","Brilliant Scarlet","E124","COL","Red coloration","None","Excites trisulfonated azo group","BV, MT",0.001,0.012,3.0,11.0,"Y","Y","N-CL","Lycopene, Beetroot Red","1:10","Mild tomato notes, grittiness","Rapidly degraded by sulfur dioxide","APP","RES","BAN","Intense scarlet azo coloring agent"
"Allura Red AC","Red No. 40","E129","COL","Red coloration","None","Excites monoazo chromophore","BV, BF",0.001,0.020,3.0,11.0,"Y","Y","N-CL","Beetroot Red, Anthocyanins","1:8","Color fades at neutral pH","Exceptional stability to retort heat","APP","RES","APP","Vibrant orange-red petroleum dye"
"Brilliant Blue FCF","Blue No. 1","E133","COL","Blue coloration","None","Excites triphenylmethane group","BV, CF",0.0005,0.010,2.5,10.0,"Y","Y","N-CL","Spirulina Extract","1:7","Slight marine/algal off-note","Degrades under severe retort thermal","APP","APP","APP","Sky-blue triphenylmethane dye"
"Sorbic Acid","Hexa-2,4-dienoic acid","E200","PRE","Antifungal agent","Antimicrobial","Disrupts cell membrane proton gradient","BF, SA",0.05,0.20,2.5,6.5,"M","Y","N-CL","Buffered Vinegar","1:2","Mild acetic, tart acid profile","Sparingly soluble in cold water","APP","APP","APP","Organic acid mold inhibitor"
"Potassium Sorbate","Sorbate salt","E202","PRE","Antifungal agent","Antimicrobial","Dissociates into active sorbic acid","BV, SA",0.05,0.25,3.0,6.5,"Y","Y","N-CL","Buffered Vinegar, Cultured Sugar","1:2.5","Acidity, mild vinegar notes","Dissolve fully before adding acid","APP","APP","APP","Highly water-soluble yeast inhibitor"
"Benzoic Acid","Benzenecarboxylic acid","E210","PRE","Antibacterial agent","Antfungal","Lowers intracellular bacterial pH","BV, SA",0.01,0.15,2.5,4.5,"Y","Y","N-CL","Cranberry Extract, Citric Acid","1:3.5","Bitterness, high astringency","Extremely low aqueous solubility","APP","APP","APP","Monocarboxylic aromatic preservative"
"Sodium Benzoate","Benzoate salt","E211","PRE","Antibacterial agent","Antfungal","Enters cell, halts glycolysis","BV, SA",0.01,0.15,2.5,4.5,"Y","Y","N-CL","Buffered Vinegar","1:3","Vinegar sourness, reduction in brix","May form benzene with ascorbic acid","APP","APP","APP","Highly soluble aromatic preservative"
"Sulphur Dioxide","Sulfite gas","E220","PRE","Antimicrobial agent","Antioxidant","Breaks enzyme disulfide bonds","SA, CF",0.005,0.05,2.0,6.0,"N","Y","N-CL","Ascorbic Acid, Rosemary Extract","1:5","Strong chemical sulfury aroma","Volatile gas, escapes during baking","APP","RES","RES","Dual-action preservative & antioxidant"
"Potassium Nitrite","Curing salt","E249","PRE","Clostridium control","Color curing","Generates nitric oxide, binds myoglobin","MT",0.005,0.015,5.0,7.0,"Y","Y","N-CL","Celery Powder + Starter Culture","1:8","Vegetable notes, salty trace","Risk of nitrosamines in high frying","APP","RES","APP","Potassium-based meat curing agent"
"Sodium Nitrite","Nitrite curing salt","E250","PRE","Clostridium control","Color curing","Blocks iron-sulfur bacterial clusters","MT",0.005,0.015,5.0,7.0,"Y","Y","N-CL","Celery Juice Concentrate","1:8","Salty, faint vegetable trace","Highly sensitive to acid accelerators","APP","RES","APP","Standard industrial curing agent"
"Sodium Nitrate","Nitrate salt","E251","PRE","Spore control","Nitrite reservoir","Reduced slowly to active nitrite","MT",0.005,0.025,5.0,7.5,"Y","Y","N-CL","Celery Leaf Powder","1:10","High background sodium flavor","Requires nitrate-reducing bacteria","APP","RES","APP","Long-term dry meat curing agent"
"Potassium Nitrate","Saltpeter","E252","PRE","Spore control","Nitrite reservoir","Bio-reduction to active nitrite","MT",0.005,0.025,5.0,7.5,"Y","Y","N-CL","Fermented Celery, Sea Salt","1:10","Salty profile, trace minerals","Inactive below 4 degrees Celsius","APP","RES","APP","Traditional curing agent for hard cheese"
"Soy Lecithin","Soybean phospholipids","E322i","EMU","O/W Emulsification","Rheology control","Forms interfacial viscoelastic film","DY, BF",0.10,1.00,4.0,9.0,"M","M","S-CL","Sunflower Lecithin, Oat Fiber","1:1","Neutral flavor, no soy allergen","Sensitive to thermal heat >80C","APP","APP","APP","Natural oil-derived phospholipid"
"Sunflower Lecithin","Sunflower phospholipids","E322ii","EMU","O/W Emulsification","Rheology control","Drops interfacial tension","DY, BF",0.10,1.00,4.0,9.0,"M","M","CL","Soy Lecithin, Egg Lecithin","1:1","Completely clean, neutral profile","Disperses readily in fat phases","APP","APP","APP","Allergen-free plant phospholipid"
"Egg Yolk Lecithin","Egg phospholipids","E322iii","EMU","Emulsion builder","Texture enhancer","Phosphatidylcholine micelle barrier","SA, DS",0.10,1.50,4.0,8.5,"M","M","CL","Sunflower Lecithin","1:0.8","Rich, eggy notes, yellow tint","Requires pasteurization paste","APP","APP","APP","Traditional egg-derived emulsifier"
"Rapeseed Lecithin","Canola phospholipids","E322iv","EMU","Emulsion builder","Rheology control","Lowers oil-water interfacial energy","DY, BF",0.10,1.00,4.0,9.0,"M","M","S-CL","Sunflower Lecithin","1:1.1","Faint canola, herbaceous note","Viscous liquid, high shear dispersible","APP","APP","APP","Oilseed-derived surfactant alternative"
"PEG 40 Stearate","Polyoxyethylene 40 stearate","E430","EMU","Emulsion builder","Viscosity control","Steric stabilization of liquid oil","ALL",0.10,0.50,4.0,9.0,"Y","Y","N-CL","Soy Lecithin, Citrus Fiber","1:2","Synthetic waxiness, soapy tail","Solid wax, must melt in hot oil","APP","BAN","APP","Highly hydrophilic synthetic polymer"
"PEG 8 Stearate","Polyoxyethylene 8 stearate","E431","EMU","Emulsion builder","Viscosity control","Steric stabilization of liquid oil","ALL",0.10,0.50,4.0,9.0,"Y","Y","N-CL","Sunflower Lecithin, Pea Protein","1:2.2","Synthetic soapy profile","Hydrate in warm fat phase first","APP","BAN","APP","Intermediate-HLB synthetic surfactant"
"Polysorbate 20","Tween 20","E432","EMU","Emulsion builder","Solubilizing agent","High-HLB micellar encapsulation","BV, SA",0.05,0.40,3.5,8.5,"Y","Y","N-CL","Quillaja Saponins, Gum Arabic","1:3","Bitter, sharp soapy notes","Extreme surface activity, foam risk","APP","APP","APP","Synthetic sorbitol-derived surfactant"
"Polysorbate 80","Tween 80","E433","EMU","Fat crystallization","Foam stabilization","Steric and electrostatic exclusion","DS, DY",0.05,0.50,3.5,8.5,"Y","Y","N-CL","Quillaja Saponins, Soy Lecithin","1:2.5","Bitter chemical aftertaste","Promotes controlled fat destabilization","APP","APP","APP","High-HLB industrial ice cream emulsifier"
"Polysorbate 40","Tween 40","E434","EMU","Emulsion builder","Viscosity control","Hydrophilic micellar protection","ALL",0.05,0.40,3.5,8.5,"Y","Y","N-CL","Rapeseed Lecithin, Gum Arabic","1:3","Bitter chemical notes","Keep containers tightly sealed","APP","APP","APP","Intermediate-HLB polyoxyethylene ester"
"Polysorbate 60","Tween 60","E435","EMU","Dough conditioning","Foam builder","Interfacial surfactant packing","BF, SA",0.05,0.50,3.5,8.5,"Y","Y","N-CL","Sunflower Lecithin, Xanthan Gum","1:2.5","Bitter, waxy fat-like note","Melt into lipid phase before blending","APP","APP","APP","Synthetic emulsifier for high-fat baking"
"Polysorbate 65","Tween 65","E436","EMU","Crystallization aid","Emulsion stabilizer","Retards fat crystal transformation","DS, DY",0.05,0.50,3.5,8.5,"Y","Y","N-CL","Egg Lecithin, Citrus Fiber","1:2.8","Waxy, slight oily mouth coating","Dissolves readily in warm oils","APP","APP","APP","Hydrophobic polyoxyethylene triester"
"Ammonium Phosphatide","YN","E442","EMU","Viscosity reducer","Crystallization aid","Adsorbs to sugar particles in fat","CF",0.10,0.70,4.0,8.5,"Y","Y","N-CL","Soy Lecithin, Sunflower Lecithin","1:1.2","Completely neutral, zero notes","Decreases yield value of chocolates","APP","APP","APP","Ammonium salt of phosphatidic acid"
"SAIB","Sucrose diacetate","E444","EMU","Weighting agent","Cloud stabilizer","Adjusts essential oil density in water","BV",0.05,0.15,3.0,7.0,"Y","Y","N-CL","Gum Arabic, Citrus Fiber","1:4","Thick mouth coating, heavy brix","Extremely viscous; pre-blend with oil","APP","APP","APP","Highly hydrophobic density adjuster"
"Ester Gum","Wood rosin glycerol ester","E445","EMU","Weighting agent","Cloud builder","Adjusts essential oil density in water","BV",0.05,0.15,3.0,7.0,"Y","Y","N-CL","Gum Arabic, Orange Terpenes","1:3.5","Resinous aroma, oily feel","High-density oil soluble compound","APP","APP","APP","Purified wood rosin glycerol ester"
"Sodium Oleate","Sodium fatty acid salt","E470a","EMU","Lubricant","Flow agent","Anionic micelle structure","BF",0.10,0.80,6.0,10.0,"Y","Y","N-CL","Mixed Tocopherols, Rice Bran","1:1.5","Soapy, slightly alkaline taste","Poor solubility in acidic waters","APP","APP","APP","Soluble sodium salt of food fatty acids"
"Potassium Oleate","Potassium soap","E470a","EMU","Lubricant","Emulsifier","Hydrophilic surfactant packing","ALL",0.10,0.80,6.0,10.0,"Y","Y","N-CL","Sunflower Lecithin, Rice Husk","1:1.5","Bitter, sharp metallic soap note","Highly soluble in warm aqueous phase","APP","APP","APP","Potassic salt of food-grade fatty acids"
"Calcium Stearate","Calcium soap","E470a","EMU","Flow agent","Lubricant","Hydrophobic physical separation","BF, CF",0.10,1.00,5.5,9.5,"Y","Y","N-CL","Rice Extract Blend, Rice Husk","1:1.2","Powdery, chalky mouthfeel","Insoluble in water and cold alcohols","APP","APP","APP","Insoluble calcium salt of fatty acids"
"Magnesium Stearate","Magnesium soap","E470b","EMU","Lubricant","Anticaking agent","Boundary lubrication barrier","BF, CF",0.10,1.00,5.5,9.5,"Y","Y","N-CL","Rice Bran Extract Blend","1:1.2","Chalky, chalk-like dry notes","Critical tablet excipient","APP","APP","APP","Metallic salt of stearic acid"
"Mono- & Diglycerides","GMS","E471","EMU","Fat crystallization","Crumb softener","Complexes starch, halts syneresis","BF, DS",0.10,0.80,3.5,8.0,"Y","Y","N-CL","Sunflower Lecithin, Pea Protein","1:1.5","Neutral flavor, fatty mouth coating","Hydrate in lipid phase above 65 C","APP","APP","APP","Primary glycerolysis food surfactant"
"GMS Flakes","Glyceryl monostearate","E471a","EMU","Fat structuring","Gelling agent","Forms liquid-crystalline alpha-phase","BF, DY",0.10,0.80,3.5,8.0,"Y","Y","N-CL","Soy Lecithin, Potato Starch","1:1.3","Waxy coating, neutral taste","Melting point 58-62 degrees Celsius","APP","APP","APP","Purified monostearate ester of glycerol"
"Glyceryl Palmitate","Mono-palmitate","E471b","EMU","Fat crystallization","Foam builder","Hydrophobic physical separation","ALL",0.10,0.80,3.5,8.0,"Y","Y","N-CL","Sunflower Lecithin, Citrus Fiber","1:1.5","Neutral flavor, fatty mouthfeel","Disperses in hot vegetable oils","APP","APP","APP","Pure palmitic acid monoglyceride"
"Glyceryl Monooleate","GMO","E471c","EMU","Emulsion builder","Antifoam agent","Lowers interfacial oil-water energy","ALL",0.10,0.80,3.5,8.0,"Y","Y","N-CL","Canola Lecithin, Oat Gum","1:1.2","Viscous, slightly oily mouthfeel","Liquid at room temperature","APP","APP","APP","Liquid unsaturated monoglyceride ester"
"ACETEM","Acetylated mono-diglycerides","E472a","EMU","Coating agent","Plasticizer","Flexible, cohesive hydrophobic film","MT, BF",0.10,0.60,4.0,8.5,"Y","Y","N-CL","Rice Extract, Carnauba Wax","1:2","Mild vinegar aroma, fatty wax","Spray as warm liquid on meat blocks","APP","APP","APP","Acetic acid ester of monoglycerides"
"LACTEM","Lactylated mono-diglycerides","E472b","EMU","Aerating agent","Foam stabilizer","Facilitates gas cell incorporation","DS, DY",0.10,0.60,4.0,8.0,"M","Y","N-CL","Whey Protein, Egg White Solids","1:1.5","Milky, slightly sour dairy note","Increases whip volume and overrun","APP","APP","APP","Lactic acid ester of monoglycerides"
"CITREM","Citric acid monoglycerides","E472c","EMU","Emulsion builder","Meat binder","Chelates metal ions, stabilizes meat","MT, SA",0.10,0.80,3.5,7.5,"Y","Y","N-CL","Sunflower Lecithin, Lemon Fiber","1:1.5","Citric sourness, background acid","Neutralizes free metal oxidation","APP","APP","APP","Citric acid ester of monoglycerides"
"TATEM","Tartaric mono-diglycerides","E472d","EMU","Dough conditioner","Emulsion builder","Strengthens flour protein crosslinks","BF",0.10,0.50,4.0,7.0,"M","N","N-CL","Wheat Gluten, Amylase Enzyme","1:2.2","Mild tartness, bready notes","Dry storage under moisture barrier","APP","BAN","APP","Tartaric acid ester of monoglycerides"
"DATEM","Diacetyltartaric acid esters","E472e","EMU","Gluten strengthener","Dough conditioner","Charges proteins, aggregates gluten","BF",0.10,0.50,4.0,7.0,"M","N","N-CL","Sunflower Lecithin, Wheat Gluten","1:2","Trace sourness, bread odor","Loses function under hot moisture","APP","APP","APP","Extreme performance dough expander"
"MATEM","Mixed acetic-tartaric esters","E472f","EMU","Dough builder","Whipping aid","Multi-ionic surfactant dispersion","BF, DS",0.10,0.50,4.0,7.5,"M","N","N-CL","Soy Lecithin, Potato Fiber","1:2","Sour dough note, high acidity","Blended into flour dry mixes","APP","APP","APP","Mixed ester of monoglycerides"
"Sucrose Esters","Sucrose fatty acid esters","E473","EMU","Solubilizing agent","Protein protector","High hydration, stabilizes casein","DY, BV",0.05,1.00,4.0,9.0,"Y","Y","N-CL","Quillaja Saponins, Gum Arabic","1:1.5","Neutral flavor, clean release","Hydrate in water prior to addition","APP","APP","APP","Broad HLB sucrose fatty acid ester"
"Sucroglycerides","Sucrose esters + mono-diglycerides","E474","EMU","Emulsion builder","Fat crystallization","Mixed polar-nonpolar packing","DY, DS",0.10,1.00,4.0,8.5,"Y","Y","N-CL","Rapeseed Lecithin, Citrus Fiber","1:1.8","Fatty mouth coating, waxy feel","Disperses in hot vegetable fat","APP","APP","APP","Co-processed sucrose ester blend"
"PGE","Polyglycerol fatty acid esters","E475","EMU","Aerating agent","Crystal modifier","Enhances whipping, controls polymorphs","BF, DS",0.05,0.50,4.0,8.5,"Y","Y","N-CL","Egg White Solids, Pea Protein","1:2","Mild soapy flavor, fatty tail","Retains fine gas cell structure","APP","APP","APP","Polymerized glycerol ester compound"
"PGPR","Polyglycerol polyricinoleate","E476","EMU","Yield reducer","Viscosity reducer","Lubricates cocoa butter flow in fat","CF",0.05,0.40,4.0,8.5,"Y","Y","N-CL","Sunflower Lecithin (high shear)","1:1.5","Trace castor bean oil aroma","Key for chocolate molding","APP","APP","APP","Polycondensed ricinoleic acid ester"
"Propylene Glycol Ester","PGMS","E477","EMU","Aerating agent","Crystal inhibitor","Promotes alpha-phase fat crystals","BF, DS",0.10,0.50,4.0,8.5,"Y","M","N-CL","Soy Lecithin, Native Starches","1:1.8","Neutral flavor, clean mouthfeel","Excellent cake crumb volume enhancer","APP","APP","APP","Propylene glycol monostearate polymer"
"Lactylated Esters","Lactylated glycol esters","E478","EMU","Whipping aid","Foam builder","Polar interfacial lipid packing","DS",0.10,0.50,4.5,8.5,"M","Y","N-CL","Casein, Whey Protein Isolate","1:1.5","Dairy flavor, slightly sour note","Requires rapid high-shear cooling","APP","APP","APP","Specialized aerating glyceryl ester"
"TOSOM","Oxidized soya oil glycerides","E479b","EMU","Release agent","Anti-spattering","Interfacial lipid barrier under high heat","Oils",0.05,0.30,5.0,8.0,"Y","Y","N-CL","Mixed Tocopherols, Rice Husk","1:1.5","Oxidized fat aroma, heavy oil","Extreme thermal polymerization","APP","APP","BAN","Thermally modified soybean oil ester"
"DOSS","Dioctyl sodium sulfosuccinate","E480","EMU","Wetting agent","Dispersion aid","Drops surface tension of cocoa powder","BV, CF",0.005,0.05,3.0,9.0,"Y","Y","N-CL","Lecithin, Citrus Fiber","1:3","Chemical saltiness, bitter","Extremely rapid powder dispersion","APP","APP","APP","Anionic sulfosuccinate surfactant"
"SSL","Sodium stearoyl lactylate","E481i","EMU","Crumb softener","Gluten strengthener","Complexes starch, halts retrogradation","BF, DY",0.10,0.50,4.5,8.0,"Y","M","N-CL","Soy Lecithin, Potato Starch","1:1.5","Trace dairy sourness, starch feel","Disperses in warm water emulsion","APP","APP","APP","Ionic stearic acid-lactic acid ester"
"Sodium Isostearoyl","Isostearoyl lactylate","E481ii","EMU","Emulsion builder","Viscosity builder","Charged lipid droplet repulsion","DY, SA",0.10,0.50,4.5,8.0,"Y","M","N-CL","Canola Lecithin, Lemon Fiber","1:1.5","Sourness, fatty mouth coating","Liquid at room temperature","APP","APP","APP","Branched-chain stearoyl surfactant"
"CSL","Calcium stearoyl lactylate","E482i","EMU","Dough builder","Whipping aid","Bridges protein chains, gas retention","BF, DS",0.10,0.50,4.5,8.0,"Y","M","N-CL","Egg White Powder, Pea Protein","1:2","Chalky, traces of sulphur note","Highly compatible in continuous lines","APP","APP","APP","Calcium salt of stearoyl lactylate"
"Calcium Isostearoyl","Calcium lactylate salt","E482ii","EMU","Emulsion builder","Texturizer","Crosslinks proteins in dairy fat","DY, DS",0.10,0.50,4.5,8.0,"Y","M","N-CL","Casein, Sunflower Lecithin","1:1.8","Chalky flavor, dairy sourness","Viscous fluid, hot fat dispersible","APP","APP","APP","Calcium salt of isostearoyl acid"
"Stearoyl Tartrate","Stearoyl tartaric ester","E483","EMU","Dough conditioner","Crumb softener","Interacts with wheat gliadin protein","BF",0.10,0.50,4.0,7.5,"M","N","N-CL","Wheat Gluten, Amylase Enzyme","1:2","Acidity, baked flour flavor","Sparingly soluble in cold doughs","APP","BAN","APP","Tartaric acid monoglyceride ester"
"Sorbitan Monostearate","Span 60","E491","EMU","Yeast protectant","Gloss promoter","Protects dry yeast during rehydration","BF, CF",0.10,1.00,4.0,8.5,"Y","Y","N-CL","Mixed Tocopherols, Lecithin","1:2","Waxy flavor, fatty coating","Must melt into oil phase first","APP","APP","APP","Sorbitol-derived hydrophobic ester"
"Sorbitan Tristearate","Span 65","E492","EMU","Bloom inhibitor","Cocoa modifier","Retards fat crystal polymorphism","CF",0.10,1.00,4.0,8.5,"Y","Y","N-CL","Sunflower Lecithin, Rice Husk","1:2.2","Neutral taste, fatty coating","Solid wax, disperses in warm lipid","APP","APP","APP","Sorbitan hydrophobic triester"
"Sorbitan Monopalmitate","Span 40","E493","EMU","Solubilizing agent","Viscosity builder","Intermediate hydrophobic packing","ALL",0.10,0.80,4.0,8.5,"Y","Y","N-CL","Canola Lecithin, Oat Gum","1:2.5","Mild oily mouthfeel","Melt into oil phase before mixing","APP","APP","APP","Sorbitol palmitate ester surfactant"
"Sorbitan Monolaurate","Span 20","E494","EMU","Antifoam agent","Emulsion builder","Lowers liquid surface tension","ALL",0.10,0.80,4.0,8.5,"Y","Y","N-CL","Sunflower Lecithin, Citrus Fiber","1:2.5","Oily flavor, lingering waxiness","Liquid at room temperature","APP","APP","APP","Sorbitol laurate ester surfactant"
"Sorbitan Monooleate","Span 80","E495","EMU","W/O Emulsifier","Rust inhibitor","Forms stable water droplets in fat","ALL",0.10,0.80,4.0,8.5,"Y","Y","N-CL","Soy Lecithin, Potato Fiber","1:2","Bitter, heavy oily aftertaste","Excellent for margarine stability","APP","APP","APP","Sorbitol oleic acid ester"
"Alginic Acid","Brown seaweed pulp","E400","STA","Thickener","Gelling agent","Hydrates into structural gel polymer","DY, SA",0.10,1.00,3.5,8.0,"Y","Y","S-CL","Pectin, Carrageenan, Native Starch","1:1.2","Tartness, background cereal taste","Insoluble in cold water","APP","APP","APP","Acidic brown seaweed polysaccharide"
"Sodium Alginate","Sodium algin","E401","STA","Cold gelation","Thickener","Crosslinks with calcium ions","DY, SA",0.10,1.00,4.0,10.0,"Y","Y","S-CL","Pectin, Native Potato Starch","1:1","Brittle bite, clean release","Avoid free calcium during hydrate","APP","APP","APP","Highly soluble seaweed polymer"
"Potassium Alginate","Potassium algin","E402","STA","Thickener","Gelling agent","Crosslinks with divalent calcium","SA, BV",0.10,1.00,4.0,10.0,"Y","Y","S-CL","Sodium Alginate, Xanthan Gum","1:1","Metallic potassium trace, sour","Highly soluble in low-sodium systems","APP","APP","APP","Potassic seaweed-derived polymer"
"Ammonium Alginate","Ammonium algin","E403","STA","Viscosity builder","Dough improver","Hydrates, forms structural gel","BF",0.10,1.00,4.0,9.0,"N","Y","S-CL","Guar Gum, Sodium Alginate","1:1.2","Ammonia gas release during baking","Escapes as gas under baking heat","APP","APP","APP","Ammonium salt of alginic acid"
"Calcium Alginate","Gelled alginate","E404","STA","Thickener","Texturizer","Forms insoluble physical gel","MT, BF",0.10,1.50,4.0,10.0,"Y","Y","S-CL","Calcium Carbonate, Native Starch","1:1","Gritty, slightly chalky mouthfeel","Prefabricated gel particle flow","APP","APP","APP","Insoluble pre-gelled alginate salt"
"Propylene Glycol Algin","PGA","E405","STA","Acid stabilizer","Foam builder","Hydrophobic surface active ester","BV, SA",0.05,0.60,2.5,6.5,"Y","Y","N-CL","Tragacanth Gum, Xanthan Gum","1:1.5","Clean, sharp liquid mouthfeel","Resists acid-mediated hydrolysis","APP","APP","APP","Highly esterified alginic derivative"
"Agar-Agar","Kanten","E406","STA","Gel builder","Synereis control","Thermally reversible hydrogen gel","CF, DS",0.10,1.50,4.5,10.0,"Y","Y","CL","Sodium Alginate, Pectin","1:0.8","Brittle, hard gel bite","Hydrate at 85 C, gels at 35 C","APP","APP","APP","Red seaweed-derived polysaccharide"
"Carrageenan","Red seaweed extract","E407","STA","Protein suspension","Gelling agent","Electrostatic binding with casein","DY, DS",0.05,1.00,4.0,10.0,"Y","M","N-CL","LBG, Xanthan, Konjac Gum","1:1.2","Brittle gel bite, thick feel","Hydrate above 75 C for milk gel","APP","RES","APP","High-performance dairy gel stabilizer"
"PES","Semi-refined carrageenan","E407a","STA","Protein binder","Thickener","Hydrates, physically entrap water","MT, DY",0.05,1.20,4.5,10.0,"Y","M","N-CL","Sodium Alginate, Citrus Fiber","1:1.5","Cereal-like, slightly muddy note","Contains higher natural cellulose","APP","APP","APP","Processed seaweed matrix binder"
"Yeast Glycan","Bakers yeast glycan","E408","STA","Thickener","Humectant","Retains moisture, physically swells","BF, SN",0.10,1.50,4.0,8.5,"Y","Y","CL","Yeast Extract, Potato Fiber","1:1.5","Savoury trace, bready flavor","Highly compatible with baking lines","APP","APP","APP","Bakers yeast cell wall polysaccharide"
"Pullulan","Aureobasidium polymer","E409","STA","Film former","Glazing agent","Forms oxygen-barrier glazes","CF, BF",0.50,5.00,3.0,8.0,"Y","Y","S-CL","Gelatin, Starch, Shellac","1:1","Neutral, glass-like bite","Soluble in cold water, sticky","APP","APP","APP","Fermentation-derived glucose polymer"
"Locust Bean Gum","Carob gum","E410","STA","Viscosity builder","Cryoprotectant","Forms structural network","DY, INF",0.10,0.80,3.5,10.0,"Y","Y","S-CL","Guar Gum, Tara Gum","1:1","Creamy mouthfeel, clean flavor","Max level 5,300 mg/kg in pediatric FSMP","APP","RES","APP","Seed-derived hot-soluble galactomannan"
"Oat Gum","Oat glucan","E411","STA","Thickener","Fat replacer","Hydrates into smooth viscous polymer","DY, BF",0.10,1.50,4.0,9.0,"Y","Y","CL","Oat Fiber, Xanthan Gum","1:1.5","Cereal note, toasted oat taste","High beta-glucan nutritional profile","APP","APP","APP","Natural oat-derived hydrocolloid"
"Guar Gum","Guaran","E412","STA","Viscosity builder","Synereis control","Rapid cold swelling galactomannan","DY, SA",0.10,1.00,3.0,9.0,"Y","M","S-CL","Xanthan, LBG, Citrus Fiber","1:0.8","Slimey feel, trace beany note","Revoked in EU infant formula","APP","RES","APP","Highly soluble cold-water seed gum"
"Tragacanth Gum","Astragalus exudate","E413","STA","Acid stabilizer","Emulsion builder","Steric stabilization under low pH","SA, BV",0.10,1.20,2.0,7.0,"Y","Y","S-CL","Xanthan Gum, Alginates","1:0.6","Smooth pour, clean flavor","Prolonged high-shear hydrate cycle","APP","APP","APP","Premium acid-stable exudate gum"
"Gum Arabic","Acacia gum","E414","STA","Encapsulating","Emulsifier","Arabinogalactan interfacial film","BV, CF",1.00,25.0,3.0,8.0,"Y","Y","CL","Modified Starch (E1450)","1:1.5","Clean mouthfeel, zero viscosity","Solubility up to 50% in water","APP","RES","APP","Highly soluble tree exudate polymer"
"Xanthan Gum","Corn sugar gum","E415","STA","Rheology control","Suspendant","Rigid rod pseudoplastic flow","SA, DY",0.05,0.60,2.0,12.0,"Y","Y","S-CL","Guar Gum, LBG, Psyllium Husk","1:1.2","High cling, slight slime notes","Extreme shear-thinning stability","APP","RES","APP","Highly stable fermentation polymer"
"Karaya Gum","Sterculia gum","E416","STA","Adhesive gel","Water binder","Swells rapidly to retain water","BF, MT",0.10,1.00,4.0,8.0,"Y","M","S-CL","Xanthan Gum, Sodium Alginate","1:1","Rubbery bite, sticky mouthfeel","Must dry mill to ultra-fine mesh","APP","APP","APP","Acidic partially acetylated gum"
"Tara Gum","Caesalpinia gum","E417","STA","Viscosity builder","Cryoprotectant","Intermediate density galactomannan","DY, DS",0.10,1.00,3.5,9.5,"Y","Y","S-CL","LBG, Guar Gum, Xanthan Gum","1:1.1","Creamy mouthfeel, neutral taste","Synergistic gelation with xanthan","APP","APP","APP","Seed galactomannan of high purity"
"Gellan Gum","Sphingomonas polymer","E418","STA","Fluid gel builder","Gelling agent","Crosslinks with ions; pseudoplastic","BV, DY",0.05,0.50,3.5,10.0,"Y","Y","S-CL","Agar-Agar, Sodium Alginate","1:0.8","Clean release, crisp gel bite","Low-acyl forms yield brittle gels","APP","APP","APP","Fermentation-derived gelling active"
"Konjac Gum","Amorphophallus extract","E425i","STA","Thermoreversible","Thickener","Forms highly elastic hydrogen gel","MT, BF",0.10,1.00,3.5,9.0,"Y","Y","S-CL","Sodium Alginate, Starches","1:1.2","Firm bite, slightly slimy feel","Solubilizes slowly in cold water","APP","APP","APP","High molecular weight glucomannan"
"Konjac Flour","Semi-refined glucomannan","E425ii","STA","Thickener","Water binder","Rapid physical entrapment","MT, BF",0.10,1.20,3.5,9.0,"Y","Y","S-CL","Pea Fiber, Citrus Fiber","1:1.5","Cereal-like, starchy note","High background plant particulates","APP","APP","APP","Coarse plant tuber glucomannan"
"Soy Hemicellulose","Soy fiber extract","E426","STA","Suspendant","Fiber source","Builds steric stabilization network","DY, BV",0.10,2.00,3.0,8.0,"Y","Y","S-CL","Oat Fiber, Apple Fiber","1:1.8","Beany, slight grain mouthfeel","Excellent for acid milk drinks","APP","APP","APP","Soluble soy polysaccharide fiber"
"Cassia Gum","Cassia tora gum","E427","STA","Gelling aid","Thickener","Interacts synergistically with gums","DY, DS",0.10,1.00,4.0,10.0,"Y","Y","S-CL","LBG, Guar Gum, Tara Gum","1:1","Firm, rubbery gel bite","High hydration temperature required","APP","APP","APP","Galactomannan with high mannose ratio"
"Curdlan","Alcaligenes polymer","E428","STA","Thermoirreversible","Gelling agent","Form triple-helix network on heating","MT, BF",0.10,2.00,3.0,9.5,"Y","Y","S-CL","Soy Protein Isolate, Konjac Gum","1:1.5","Firm, crunchy gel bite","Forms strong gel only upon boiling","APP","APP","APP","Fermentation-derived beta-glucan"
"Pectin","Apple/Citrus extract","E440i","STA","Gel builder","Synereis control","HM sugar-acid gel; LM calcium gel","DS, DY",0.10,1.50,2.5,6.0,"Y","Y","CL","Fruit Fiber, Agar-Agar","1:1.2","Crisp fruit-like gel bite","Max level 4,000 mg/kg in infant FSMP","APP","RES","APP","Primary plant structural polymer"
"Amidated Pectin","Acid modified pectin","E440ii","STA","Thickener","Gelling agent","Forms gels at lower calcium levels","DY, DS",0.10,1.20,3.0,7.0,"Y","Y","N-CL","Citrus Fiber, Native Starch","1:1.5","Mild chemical, starchy profile","Highly stable in yogurt matrices","APP","APP","APP","Chemically modified LM-pectin salt"
"MCC","Microcrystalline cellulose","E460i","STA","Anticaking agent","Fat replacer","Colloidal physical barrier network","DY, SN",0.10,2.00,3.0,10.0,"Y","Y","S-CL","Rice Hull Ash, Potato Fiber","1:1.3","Chalky, dry powdery notes","Disperses under high-shear flow","APP","APP","APP","Purified depolymerized wood pulp"
"Powdered Cellulose","Wood pulp fiber","E460ii","STA","Anti-clumping","Fiber builder","Physically separates moisture flow","BF, SN",0.10,3.00,3.0,10.0,"Y","Y","S-CL","Rice Hull Ash, Corn Fiber","1:1.5","Dry, fibrous woody bite","Insoluble; adds fiber declarations","APP","APP","APP","Purified mechanical wood cellulose"
"Methyl Cellulose","MC","E461","STA","Thermal gelation","Emulsifier","Hydrophobic polymers clump on heat","MT, BF",0.10,1.50,3.0,11.0,"Y","Y","N-CL","Soy Protein, Konjac Gum","1:2","Firm bouncy bite, meaty feel","Gels at 50 degrees C, fluid on cool","APP","APP","APP","Thermal-reversible cellulose ether"
"Ethyl Cellulose","EC","E462","STA","Oleogel builder","Film former","Entraps oil inside polymer network","Oils",0.50,5.00,3.0,11.0,"Y","Y","N-CL","Carnauba Wax, Rice Bran Wax","1:4","Waxy mouth coating, hard fat feel","Dissolves in hot oil (>90C)","APP","APP","APP","Hydrophobic organo-soluble polymer"
"HPC","Hydroxypropyl cellulose","E463","STA","Film former","Emulsifier","Water-soluble physical barrier","BF, CF",0.10,1.50,3.5,9.0,"Y","Y","N-CL","Pullulan, Wheat Starch","1:1.8","Glazed, slightly sticky bite","Viscous clear solutions in water","APP","APP","APP","Highly etherified modified cellulose"
"HPMC","Hydroxypropyl methyl cellulose","E464","STA","Thermal gelation","Gas retainment","Viscous barrier blocks gas bubble flow","BF, MT",0.10,1.50,3.0,11.0,"Y","Y","N-CL","Psyllium Husk, Soy Protein","1:2","Bread crumb bounce, bready flavor","Gels at 65-75 degrees Celsius","APP","APP","APP","Modified cellulose baking enhancer"
"HEMC","Ethyl methyl cellulose","E465","STA","Aerating agent","Viscosity builder","Stabilizes whipped foam bubbles","DS",0.10,1.00,4.0,9.0,"M","Y","N-CL","Whey Protein Isolate, Casein","1:1.5","Milky flavor, light dairy note","Increases gas overrun and volume","APP","APP","APP","Multi-substituted cellulose ether"
"CMC","Cellulose gum","E466","STA","Thickener","Water binder","Highly anionic water-binding network","DY, BV",0.05,0.80,3.5,10.0,"Y","Y","N-CL","Xanthan Gum, Guar Gum, Citrus Fiber","1:1","Viscous drink mouthfeel","Highly stable to cold storage","APP","APP","APP","Water-soluble cellulose ether"
"Cross-linked CMC","Croscarmellose","E468","STA","Disintegrant","Flow agent","Swells rapidly to break matrices","CF",0.10,1.00,4.0,9.0,"Y","Y","N-CL","Potato Starch, Rice Fiber","1:1.5","Chalky trace, dry powdery feel","Insoluble but highly water-swellable","APP","APP","APP","Cross-linked polymer cellulose"
"Enzymic CMC","Enzymatic cellulose","E469","STA","Viscosity control","Whipping aid","Cleaved chains, lower thick viscosity","DY, DS",0.10,1.00,4.0,9.0,"M","Y","N-CL","Egg White Solids, Yeast Glycan","1:1.2","Creamy feel, trace savory taste","Low-viscosity foaming active polymer","APP","APP","APP","Enzymatically cleaved cellulose"
"Acesulfame K","Ace-K","E950","SWE","Sweetening","Taste synergist","Receptor binding sweetness (200x)","BV, DS",0.005,0.035,3.0,9.0,"Y","Y","N-CL","Stevia, Monk Fruit","1:2","Lingering bitter, metallic tail","High thermal and chemical stability","APP","APP","APP","Highly stable synthetic sweetener"
"Aspartame","Dipeptide sweet","E951","SWE","Sweetening","None","Receptor binding sweetness (200x)","BV, DY",0.005,0.060,3.0,5.0,"N","Y","N-CL","Allulose, Thaumatin","1:150","Clean sweetness, no browning","Thermally degrades above 80 C","APP","APP","APP","Heat-sensitive peptide sweetener"
"Cyclamic Acid","Cyclamate active","E952i","SWE","Sweetening","Synergist","Sweet receptor activator (30x)","BV, CF",0.010,0.250,2.0,10.0,"Y","Y","N-CL","Erythritol, Stevia","1:10","Heavy sugary sweetness, cooling","High synergy with saccharin","APP","APP","BAN","Chemical-derived sweet organic acid"
"Sodium Cyclamate","Cyclamate sodium","E952ii","SWE","Sweetening","Synergist","Sweet receptor activator (30x)","BV, CF",0.010,0.250,2.0,10.0,"Y","Y","N-CL","Stevia, Monk Fruit","1:8","Sugar-like sweet profile, chemical","Soluble in cold water systems","APP","APP","BAN","Highly soluble synthetic sweetener"
"Calcium Cyclamate","Cyclamate calcium","E952iii","SWE","Sweetening","Synergist","Sweet receptor activator (30x)","BV, CF",0.010,0.250,2.0,10.0,"Y","Y","N-CL","Stevia, Erythritol","1:8","Sweet, slight bitter chalky trace","Excellent for low-sodium products","APP","APP","BAN","Calcium salt of cyclamic acid"
"Potassium Cyclamate","Cyclamate potassium","E952iv","SWE","Sweetening","Synergist","Sweet receptor activator (30x)","BV, CF",0.010,0.250,2.0,10.0,"Y","Y","N-CL","Monk Fruit, Allulose","1:8","Sweet, slightly metallic aftertaste","Excellent for potassic diets","APP","APP","BAN","Potassium salt of cyclamic acid"
"Isomalt","Isomaltitol","E953","SWE","Bulking sweetener","Glazing agent","Low-intensity sugar bulk (0.5x)","CF, BF",2.00,50.0,3.0,10.0,"Y","Y","S-CL","Maltitol, Chicory Root Fiber","1:1","Clean, sugar-like mouth coating","Resists moisture absorption","APP","APP","APP","Hydrogenated disaccharide polyol"
"Saccharin","Acid benzosulfimide","E954i","SWE","Sweetening","None","Receptor binding sweetness (300x)","BV, CF",0.005,0.050,2.5,10.0,"Y","Y","N-CL","Stevia, Monk Fruit","1:2","Heavy bitter, metallic profile","Exceptional acid-heat stability","APP","APP","APP","Classical coal-tar derivative sweet"
"Sodium Saccharin","Saccharin sodium","E954ii","SWE","Sweetening","None","Receptor binding sweetness (300x)","BV, CF",0.005,0.050,2.5,10.0,"Y","Y","N-CL","Stevia, Thaumatin","1:1.8","Heavy bitter, sharp chemical tail","Fully soluble in aqueous matrices","APP","APP","APP","Highly soluble saccharin salt"
"Calcium Saccharin","Saccharin calcium","E954iii","SWE","Sweetening","None","Receptor binding sweetness (300x)","BV, CF",0.005,0.050,2.5,10.0,"Y","Y","N-CL","Stevia, Monk Fruit","1:1.8","Bitter metallic sweet, chalky note","Best for dietary low-sodium foods","APP","APP","APP","Calcium salt of saccharin active"
"Potassium Saccharin","Saccharin potassium","E954iv","SWE","Sweetening","None","Receptor binding sweetness (300x)","BV, CF",0.005,0.050,2.5,10.0,"Y","Y","N-CL","Monk Fruit, Thaumatin","1:1.8","Sharp metallic bitter sweet profile","Ideal for potassium supplement foods","APP","APP","APP","Potassium salt of saccharin active"
"Sucralose","Trichlorogalactose","E955","SWE","Sweetening","None","High sweetness index (600x)","BV, DY",0.002,0.030,3.0,8.0,"Y","Y","N-CL","Stevia, Thaumatin","1:2","Sugar-like sweet, light sweet lingering","Excellent for baking and hot-fill","APP","APP","APP","Highly stable chlorinated sugar"
"Thaumatin","Talin","E957","SWE","Taste modifier","Sweetening","Protein receptor activator (2000x)","BV, CF",0.0001,0.005,2.5,8.5,"M","Y","CL","Stevia, Monk Fruit","1:10","Lingering licorice-sweet note","High synergy with citric/malic acids","APP","APP","APP","Natural katemfe fruit-derived protein"
"Neohesperidine DC","NHDC","E959","SWE","Flavor modifier","Sweetening","Flavonoid receptor sweet (1500x)","BV, DS",0.0005,0.005,3.0,8.5,"Y","Y","N-CL","Thaumatin, Stevia","1:8","Intense cooling sweet, licorice","Masks bitter notes of soy/pea proteins","APP","APP","APP","Citrus-peel hydrogenated chalcone"
"Stevia Extract","Steviol glycosides","E960a","SWE","Sweetening","None","Plant-derived sweet receptor active","BV, DY",0.005,0.040,3.0,8.0,"Y","Y","S-CL","Fermentation Stevia","1:1","Bitter, metallic licorice aftertaste","Extracted from plant leaves","APP","APP","APP","Terpene glycoside leaf extract"
"Fermentation Stevia","Reb M via yeast","E960b","SWE","Sweetening","Flavor rounded","Pure Reb M receptor active (300x)","BV, DY",0.005,0.040,3.0,8.0,"Y","Y","CL","Stevia (E960a), Monk Fruit","1:1","Clean sugary sweetness, zero bitter","Yeast fermentation production","APP","APP","APP","Advanced clean steviol glycoside"
"Neotame","Modified aspartame","E961","SWE","Sweetening","Flavor enhancer","Ultra-intensity receptor active (8000x)","BV, DS",0.0001,0.003,3.0,8.0,"Y","Y","N-CL","Thaumatin, Monk Fruit","1:12","Clean sugary profile, no tail","Highly stable under baking heat","APP","APP","APP","Advanced alkylated aspartame"
"Aspartame-Ace Salt","TwinSweet","E962","SWE","Sweetening","None","Co-crystallized sweetener active","BV, DS",0.005,0.050,3.0,7.0,"M","Y","N-CL","Stevia, Monk Fruit","1:2","Sweet, trace bitter metallic note","Highly convenient combined handling","APP","APP","APP","Co-crystallized synthetic salt"
"Maltitol","Maltitol crystal","E965i","SWE","Sugar replacer","Bulk texturizer","Disaccharide sugar polyol bulk (0.9x)","CF, BF",2.00,40.0,3.0,9.0,"Y","Y","S-CL","Erythritol, Chicory Root Fiber","1:1","Clean sugary mouthfeel, sugar brix","Excellent for sugar-free chocolates","APP","APP","APP","Hydrogenated disaccharide bulk polyol"
"Maltitol Syrup","Hydrogenated glucose syrup","E965ii","SWE","Humectant","Plasticizer","Retains water, builds density brix","BF, SA",2.00,40.0,3.0,9.0,"Y","Y","S-CL","Glycerin, Agave Syrup","1:1.1","Sugary sweet, viscous thick body","High moisture retention","APP","APP","APP","Partial hydrolyzed hydrogenated syrup"
"Lactitol","Whey-derived polyol","E966","SWE","Sugar replacer","Texturizer","Lactose-derived polyol bulk (0.4x)","DY, BF",2.00,30.0,3.5,9.5,"Y","Y","S-CL","Erythritol, Inulin","1:1","Mild sweetness, milk fat mouthfeel","Excellent prebiotic profile","APP","APP","APP","Hydrogenated lactose sugar polyol"
"Xylitol","Birch wood polyol","E967","SWE","Cooling sweetener","Humectant","High endothermic heat of solution (1x)","CF, BF",1.00,30.0,3.0,10.0,"Y","Y","S-CL","Erythritol, Monk Fruit","1:1","Powerful cold mouth feel, sugary","Inhibits oral bacteria (cavity free)","APP","APP","APP","Pentahydroxy birch sugar polyol"
"Erythritol","Fermentation polyol","E968","SWE","Zero-cal bulk","Taste rounded","Tetrahydric sugar polyol bulk (0.7x)","BV, CF",1.00,30.0,2.5,10.0,"Y","Y","CL","Allulose, Monk Fruit","1:1.2","Intense cold cooling, trace sweet","Soluble in cold water systems","APP","APP","APP","Yeast fermented tetrahydric polyol"
"Sorbitol","Glucitol","E420i","SWE","Humectant","Bulking sweetener","Hexahydric polyol water binder (0.6x)","BF, SA",1.00,35.0,3.0,10.0,"Y","Y","S-CL","Glycerin, Native Tapioca Starch","1:1.1","Mild sweet, viscous body feel","Excellent plasticity for chewing gum","APP","APP","APP","Primary hydrogenated glucose polyol"
"Sorbitol Syrup","Liquid sorbitol","E420ii","SWE","Humectant","Crystallization aid","Concentrated liquid water binding","BF, SA",1.00,40.0,3.0,10.0,"Y","Y","S-CL","Agave Nectar, Tapioca Syrup","1:1.2","Sweet syrup viscosity, heavy feel","Prevents surface moisture cracking","APP","APP","APP","Partially hydrogenated starch syrup"
"Mannitol","Manna sugar","E421","SWE","Dusting agent","Anticaking agent","Low hygroscopicity crystalline polyol","CF, BF",1.00,20.0,3.0,10.0,"Y","Y","S-CL","Rice Flour, Corn Starch","1:1","Mild dry sweetness, zero stickiness","Absorbs very little moisture","APP","APP","APP","Hydrogenated fructose polyol isomer"
"Advantame","Ultra aspartame","E969","SWE","Sweetening","Flavor rounded","Aspartame-vanillin ester sweetness (20000x)","BV, DS",0.0001,0.002,3.0,8.0,"Y","Y","N-CL","Thaumatin, Monk Fruit","1:15","Clean sweet, trace vanilla mouthfeel","Highly resistant to pasteurization","APP","APP","APP","Ultra-intensity synthetic sweetener"
"Ascorbic Acid","Vitamin C","E300","ANT","Oxygen scavenger","Dough conditioner","Oxidizes to dehydroascorbic acid","BV, BF",0.01,0.20,2.5,6.0,"M","Y","CL","Acerola Extract, Rosehip","1:3","Citrus sourness, tart taste","Sensitive to light and oxygen","APP","APP","APP","Pure synthetic L-ascorbic acid"
"Sodium Ascorbate","Ascorbate sodium","E301","ANT","Oxygen scavenger","Cure accelerator","Highly soluble electron donor","MT, BV",0.01,0.20,3.5,7.0,"M","Y","CL","Acerola Powder, Cherry Extract","1:2.8","Mild salty trace, non-acid sour","Excellent for curing processing","APP","APP","APP","Sodium salt of ascorbic acid"
"Calcium Ascorbate","Ascorbate calcium","E302","ANT","Retort stabilizer","Mineral source","Divalent oxygen reduction active","DY, BF",0.01,0.20,3.5,7.0,"M","Y","CL","Acerola Powder, Yeast Glycan","1:2.8","Chalky flavor, dairy trace note","Provides calcium ions to matrices","APP","APP","APP","Calcium salt of ascorbic acid"
"Ascorbyl Palmitate","Palmitoyl ascorbate","E304i","ANT","Lipid stabilizer","Synergist","Fat-soluble ester terminates radical","Oils, BF",0.005,0.020,3.0,7.5,"Y","Y","S-CL","Mixed Tocopherols, Rosemary Extract","1:1","Oily taste, fatty mouth coating","Melt in hot oil first (>75C)","APP","APP","APP","Palm oil-derived fat-soluble ester"
"Ascorbyl Stearate","Stearoyl ascorbate","E304ii","ANT","Fat protector","Emulsifier","Fat-soluble free-radical scavenger","Oils, BF",0.005,0.020,3.0,7.5,"Y","Y","S-CL","Tocopherols, Rice Bran Blend","1:1","Oily flavor, trace waxy coating","Soluble in animal fats, shortenings","APP","APP","APP","Stearic acid-ascorbic acid ester"
"Tocopherol Extract","Mixed tocopherols","E306","ANT","Lipid protector","None","Phenolic hydrogen donor terminates radical","Oils, SN",0.01,0.05,3.0,8.5,"Y","Y","CL","Rosemary Extract, Green Tea Extract","1:1.2","Mild vegetable oil aroma","Sensitive to extreme direct sunlight","APP","APP","APP","Concentrated natural mixed tocopherol"
"Alpha-Tocopherol","Vitamin E active","E307","ANT","Lipid protector","None","Purified phenolic radical scavenger","Oils, BF",0.01,0.05,3.0,8.5,"Y","Y","S-CL","Mixed Tocopherols, Sage Extract","1:1","Clean vegetable oil aroma","High biological vitamin E activity","APP","APP","APP","Synthetic d-alpha-tocopherol active"
"Gamma-Tocopherol","Gamma vitamin E","E308","ANT","Lipid protector","None","High-efficiency lipid radical trap","Oils, SN",0.01,0.05,3.0,8.5,"Y","Y","S-CL","Mixed Tocopherols, Grape Seed","1:1","Oily taste, neutral profile","Superior antioxidant efficacy in oil","APP","APP","APP","Purified synthetic gamma-tocopherol"
"Delta-Tocopherol","Delta vitamin E","E309","ANT","Lipid protector","None","Maximum stability lipid radical trap","Oils, SN",0.01,0.05,3.0,8.5,"Y","Y","S-CL","Mixed Tocopherols, Rosemary Extract","1:1","Oily mouth coating, warm note","Highly resistant to thermal baking","APP","APP","APP","Highly efficient delta-tocopherol active"
"Propyl Gallate","Gallate propyl ester","E310","ANT","Fat protector","None","Phenolic hydrogen donor to lipid rad","Oils, MT",0.005,0.020,3.0,8.0,"M","Y","N-CL","Mixed Tocopherols, Rosemary Extract","1:3","Bitter, synthetic chemical notes","May complex with iron to turn blue","APP","APP","APP","Synthetic aromatic trihydroxybenzoate"
"Octyl Gallate","Gallate octyl ester","E311","ANT","Fat protector","None","Hydrophobic phenolic hydrogen donor","Oils, MT",0.005,0.020,3.0,8.0,"M","Y","N-CL","Tocopherols, Carnosic Acid","1:2.8","Bitter flavor, waxy mouthfeel","Exceptional solubility in animal fat","APP","APP","APP","Fat-soluble octyl gallic ester"
"Dodecyl Gallate","Gallate lauryl ester","E312","ANT","Fat protector","None","High-hydrophobicity radical trap","Oils, MT",0.005,0.020,3.0,8.0,"M","Y","N-CL","Tocopherols, Rosemary Extract","1:2.5","Waxy flavor, lingering oil taste","Melt into warm fat prior to frying","APP","APP","APP","Fat-soluble dodecyl gallic ester"
"Guaiac Resin","Gum guaiacum","E314","ANT","Lipid protector","None","Natural phenolic compound hydrogen donor","Oils",0.01,0.10,4.0,8.0,"Y","Y","CL","Mixed Tocopherols, Sage Extract","1:1.5","Balsamic aroma, lingering wood note","Soluble in alcohol and hot fats","APP","APP","APP","Natural tree-derived phenolic resin"
"Erythorbic Acid","Isoascorbic acid","E315","ANT","Oxygen scavenger","Color stabilizer","Enantiomer of ascorbic acid sweeps oxygen","MT, BV",0.01,0.20,2.5,6.0,"M","Y","CL","Acerola Cherry Powder, Vitamin C","1:3","Mild acid sourness, tart notes","Highly sensitive to iron contamination","APP","APP","APP","Synthetic isomer of ascorbic acid"
"Sodium Erythorbate","Isoascorbate sodium","E316","ANT","Oxygen scavenger","Cure accelerator","Highly soluble isoascorbate active","MT, SA",0.01,0.20,3.5,7.0,"M","Y","CL","Acerola Powder, Lemon Juice","1:2.8","Salty taste, non-acidic profile","Accelerates nitric oxide cure speed","APP","APP","APP","Soluble sodium salt of erythorbate"
"TBHQ","Hydroquinone active","E319","ANT","Frying oil protector","None","Highly efficient phenolic radical trap","Oils, SN",0.005,0.020,3.0,8.0,"Y","Y","N-CL","Rosemary Extract, Mixed Tocopherols","1:3.5","Trace chemical bitter note","Excellent carry-through in frying","APP","APP","APP","Monohydric synthetic antioxidant"
"BHA","Butylated anisole","E320","ANT","Fat stabilizer","None","Sterically hindered phenolic radical trap","Oils, SN",0.005,0.020,3.0,9.0,"Y","Y","N-CL","Rosemary Extract, Mixed Tocopherols","1:3","Heavy chemical, trace bitter note","Under US FDA safety review in 2026","APP","APP","APP","Volatile synthetic antioxidant"
"BHT","Butylated toluene","E321","ANT","Fat stabilizer","None","Hindered radical trap prevents peroxides","Oils, SN",0.005,0.020,3.0,9.0,"Y","Y","N-CL","Mixed Tocopherols, Sage Extract","1:3.5","Sharp synthetic chemical profile","High heat stability; may volatilize","APP","APP","APP","Crystallized synthetic antioxidant"
"Calcium Disodium EDTA","EDTA","E385","ANT","Metal chelator","Color stabilizer","Octahedral coordination cage holds metal","SA, BV",0.005,0.015,2.5,9.0,"Y","Y","N-CL","Phytic Acid, Citric Acid","1:4","Chemical saltiness, metallic trace","Stops transition metals from oxidation","APP","APP","APP","Hexadentate chelating agent compound"
"Glutamic Acid","Free glutamate","E620","FLV","Umami enhancer","Salty taste booster","Activates dimeric umami taste receptors","SN, SA",0.10,0.80,3.0,8.0,"Y","Y","N-CL","Yeast Extract, Onion","1:2","Savoury, brothy trace, background sour","Neutralize to pH 6.5 for maximum flavor","APP","APP","APP","Alpha-amino acid umami precursor"
"MSG","Monosodium glutamate","E621","FLV","Umami enhancer","Salty taste booster","Activates T1R1+T1R3 receptor cascade","SN, SA",0.10,0.80,3.0,8.0,"Y","Y","N-CL","Yeast Extract, Onion","1:1.5","Savoury umami mouthfeel, salivation","High physical thermal and pH stability","APP","APP","APP","Primary sodium salt of glutamic acid"
"MPG","Monopotassium glutamate","E622","FLV","Umami enhancer","Salty taste booster","Stimulates T1R1+T1R3 umami sensors","SN, SA",0.10,0.80,3.0,8.0,"Y","Y","N-CL","High-Glutamate Yeast, Allium Juice","1:1.5","Savoury sweet, metallic potassium","Formulates low-sodium savory foods","APP","APP","APP","Potassium salt of glutamic acid"
"Calcium Glutamate","Glutamate calcium","E623","FLV","Umami enhancer","Salty taste booster","Coordinates sweet-savoury sensors","SN, SA",0.10,0.80,3.0,8.0,"Y","Y","N-CL","Yeast Extract, Sea Salt","1:1.5","Savoury trace, bitter chalky feel","Adds calcium ions to savory mix","APP","APP","APP","Calcium salt of glutamic acid"
"Ammonium Glutamate","Glutamate ammonium","E624","FLV","Umami enhancer","Salty taste booster","Activates umami, releases ammonia","BF, SN",0.10,0.80,3.0,8.0,"N","Y","N-CL","Yeast Glycan, Onion Extract","1:1.8","Savoury, sharp alkaline vapor smell","Escapes as gas under baking heat","APP","APP","APP","Ammonium salt of glutamic acid"
"Magnesium Glutamate","Glutamate magnesium","E625","FLV","Umami enhancer","Salty taste booster","Stimulates umami, metallic mineral tone","SN, SA",0.10,0.80,3.0,8.0,"Y","Y","N-CL","Yeast Extract, Mixed Peptides","1:1.5","Savoury sweet, trace bitter metallic","Formulates mineral savory blends","APP","APP","APP","Magnesium salt of glutamic acid"
"Guanylic Acid","GMP active acid","E626","FLV","Receptor sensitizer","Salty taste booster","Modifies T1R1 sweet-savoury sensors","SN, SA",0.005,0.050,3.5,8.5,"Y","Y","N-CL","Yeast Extract, Yeast","1:10","Savoury, broth-like sweet taste","Prone to enzyme phosphatase decay","APP","APP","APP","Nucleic acid-derived umami enhancer"
"Disodium Guanylate","GMP sodium","E627","FLV","Receptor sensitizer","Salty taste booster","Synergizes with MSG to multiply signal","SN, SA",0.005,0.050,3.5,8.5,"Y","Y","N-CL","Yeast Extract, Mushroom","1:8","Earthy, mushroom-like deep umami","Fully soluble in hot water matrices","APP","APP","APP","Primary sodium salt of GMP active"
"Dipotassium Guanylate","GMP potassium","E628","FLV","Receptor sensitizer","Salty taste booster","Synergizes with glutamate active","SN, SA",0.005,0.050,3.5,8.5,"Y","Y","N-CL","High-Nucleotide Yeast, Garlic Juice","1:8","Deep savoury, metallic potassium note","Perfect for potassic low-sodium diets","APP","APP","APP","Potassium salt of GMP active"
"Calcium Guanylate","GMP calcium","E629","FLV","Receptor sensitizer","Salty taste booster","Synergizes, complexes protein chains","SN, SA",0.005,0.050,3.5,8.5,"Y","Y","N-CL","High-Nucleotide Yeast, Sea Salt","1:8","Earthy sweet savoury, chalky mineral","Prone to precipitation in hard water","APP","APP","APP","Calcium salt of GMP active"
"Inosilic Acid","IMP active acid","E630","FLV","Receptor sensitizer","Salty taste booster","Modifies umami receptor configuration","SN, SA",0.005,0.050,3.5,8.5,"Y","Y","N-CL","Yeast Extract, Yeast","1:10","Savoury, meaty brothy taste profile","Keep dry under low water activity","APP","APP","APP","Meat/fermented nucleic acid active"
"Disodium Inosinate","IMP sodium","E631","FLV","Receptor sensitizer","Salty taste booster","Multiplies glutamate umami by 5--8x","SN, SA",0.005,0.050,3.5,8.5,"Y","Y","N-CL","Yeast Extract, Kelp","1:8","Rich meat-like brothy mouthfeel","Prone to degradation by raw enzymes","APP","APP","APP","Primary sodium salt of IMP active"
"Dipotassium Inosinate","IMP potassium","E632","FLV","Receptor sensitizer","Salty taste booster","Synergizes, low sodium flavor active","SN, SA",0.005,0.050,3.5,8.5,"Y","Y","N-CL","High-Nucleotide Yeast, Onion Juice","1:8","Meaty sweet, metallic potassium trace","Formulates potassic low-sodium meats","APP","APP","APP","Potassium salt of IMP active"
"Calcium Inosinate","IMP calcium","E633","FLV","Receptor sensitizer","Salty taste booster","Synergizes, complexes proteins","SN, SA",0.005,0.050,3.5,8.5,"Y","Y","N-CL","Yeast Extract, Kelp","1:8","Rich meaty, trace chalky mineral feel","Forms insoluble calcium complex","APP","APP","APP","Calcium salt of IMP active"
"Calcium Ribonucleotide","Calcium I+G","E634","FLV","Receptor sensitizer","Salty taste booster","Max synergy, complexes protein flow","SN, SA",0.005,0.050,3.5,8.5,"Y","Y","N-CL","Yeast Extract","1:12","Savoury, meaty, chalky mineral notes","Requires inactivation of phosphatases","APP","APP","APP","Calcium salt of co-crystallized I+G"
"Disodium Ribonucleotide","Disodium I+G","E635","FLV","Receptor sensitizer","Salty taste booster","Max synergy, multiples umami sensory","SN, SA",0.005,0.050,3.5,8.5,"Y","Y","N-CL","Yeast Extract","1:10","Dense, highly savory broth mouthfeel","Industrial standard flavor multiplier","APP","APP","APP","Sodium salt of co-crystallized I+G"
"Maltol","Larch bark extract","E636","FLV","Flavor enhancer","Sweetness enhancer","Modifies sweet-aromatic sensors","CF, BV",0.005,0.050,3.0,8.0,"Y","Y","CL","Maple Syrup, Vanilla Extract","1:1.5","Fruity, cotton-candy sweet notes","Synergizes with vanillin and sugars","APP","APP","APP","Natural bark-derived cyclic ketone"
"Ethyl Maltol","Synthetic maltol","E637","FLV","Flavor enhancer","Sweetness enhancer","Multiplies sweet-aromatic signals","CF, BV",0.005,0.050,3.0,8.0,"Y","Y","N-CL","Maltol, Caramel Sugar","1:1.5","Sweet, jam-like fruity cotton-candy","4--6x more powerful than maltol","APP","APP","APP","Synthetic cyclic ethyl-ketone active"